﻿<?xml version="1.0" encoding="utf-8"?><DEFECTS><DEFECT>
    <SFA>
      <FILEPATH>c:\users\austin\desktop\assignment7final\assignment7final\</FILEPATH>
      <FILENAME>bt.cpp</FILENAME>
      <LINE>40</LINE>
      <COLUMN>14</COLUMN>
    </SFA>
    <DEFECTCODE>6011</DEFECTCODE>
    <DESCRIPTION>Dereferencing NULL pointer 'parent'. </DESCRIPTION>
    <FUNCTION>BT::insert</FUNCTION>
    <DECORATED>?insert@BT@@QAEXH@Z</DECORATED>
    <FUNCLINE>14</FUNCLINE>
    <PROBABILITY>1</PROBABILITY>
    <RANK>4</RANK>
    <CATEGORY>
      <RULECATEGORY>mspft</RULECATEGORY>
    </CATEGORY>
    <PATH>
      <SFA>
        <FILEPATH>c:\users\austin\desktop\assignment7final\assignment7final\</FILEPATH>
        <FILENAME>bt.cpp</FILENAME>
        <LINE>16</LINE>
        <COLUMN>5</COLUMN>
      </SFA>
      <SFA>
        <FILEPATH>c:\users\austin\desktop\assignment7final\assignment7final\</FILEPATH>
        <FILENAME>bt.cpp</FILENAME>
        <LINE>17</LINE>
        <COLUMN>7</COLUMN>
      </SFA>
      <SFA>
        <FILEPATH>c:\users\austin\desktop\assignment7final\assignment7final\</FILEPATH>
        <FILENAME>bt.cpp</FILENAME>
        <LINE>19</LINE>
        <COLUMN>9</COLUMN>
      </SFA>
      <SFA>
        <FILEPATH>c:\users\austin\desktop\assignment7final\assignment7final\</FILEPATH>
        <FILENAME>bt.cpp</FILENAME>
        <LINE>20</LINE>
        <COLUMN>9</COLUMN>
      </SFA>
      <SFA>
        <FILEPATH>c:\users\austin\desktop\assignment7final\assignment7final\</FILEPATH>
        <FILENAME>bt.cpp</FILENAME>
        <LINE>21</LINE>
        <COLUMN>10</COLUMN>
      </SFA>
      <SFA>
        <FILEPATH>c:\users\austin\desktop\assignment7final\assignment7final\</FILEPATH>
        <FILENAME>bt.cpp</FILENAME>
        <LINE>22</LINE>
        <COLUMN>8</COLUMN>
        <KEYEVENT>
          <ID>1</ID>
          <KIND>declaration</KIND>
          <IMPORTANCE>Essential</IMPORTANCE>
          <MESSAGE>'parent' is NULL</MESSAGE>
        </KEYEVENT>
      </SFA>
      <SFA>
        <FILEPATH>c:\users\austin\desktop\assignment7final\assignment7final\</FILEPATH>
        <FILENAME>bt.cpp</FILENAME>
        <LINE>24</LINE>
        <COLUMN>12</COLUMN>
        <KEYEVENT>
          <ID>2</ID>
          <KIND>branch</KIND>
          <IMPORTANCE>Full</IMPORTANCE>
          <MESSAGE>Skip this branch, (assume 'this-&gt;isEmpty()' is false)</MESSAGE>
        </KEYEVENT>
      </SFA>
      <SFA>
        <FILEPATH>c:\users\austin\desktop\assignment7final\assignment7final\</FILEPATH>
        <FILENAME>bt.cpp</FILENAME>
        <LINE>29</LINE>
        <COLUMN>8</COLUMN>
      </SFA>
      <SFA>
        <FILEPATH>c:\users\austin\desktop\assignment7final\assignment7final\</FILEPATH>
        <FILENAME>bt.cpp</FILENAME>
        <LINE>30</LINE>
        <COLUMN>7</COLUMN>
      </SFA>
      <SFA>
        <FILEPATH>c:\users\austin\desktop\assignment7final\assignment7final\</FILEPATH>
        <FILENAME>bt.cpp</FILENAME>
        <LINE>32</LINE>
        <COLUMN>9</COLUMN>
        <KEYEVENT>
          <ID>3</ID>
          <KIND>branch</KIND>
          <IMPORTANCE>Full</IMPORTANCE>
          <MESSAGE>Skip this loop, (assume 'curr' is false)</MESSAGE>
        </KEYEVENT>
      </SFA>
      <SFA>
        <FILEPATH>c:\users\austin\desktop\assignment7final\assignment7final\</FILEPATH>
        <FILENAME>bt.cpp</FILENAME>
        <LINE>40</LINE>
        <COLUMN>14</COLUMN>
        <KEYEVENT>
          <ID>4</ID>
          <KIND>usage</KIND>
          <IMPORTANCE>Essential</IMPORTANCE>
          <MESSAGE>'parent' is dereferenced, but may still be NULL</MESSAGE>
        </KEYEVENT>
      </SFA>
    </PATH>
  </DEFECT><DEFECT>
    <SFA>
      <FILEPATH>c:\users\austin\desktop\assignment7final\assignment7final\</FILEPATH>
      <FILENAME>bt.cpp</FILENAME>
      <LINE>187</LINE>
      <COLUMN>25</COLUMN>
    </SFA>
    <DEFECTCODE>6011</DEFECTCODE>
    <DESCRIPTION>Dereferencing NULL pointer 'predecessor'. </DESCRIPTION>
    <FUNCTION>BT::deleteNode</FUNCTION>
    <DECORATED>?deleteNode@BT@@QAEXPAUnode@1@H@Z</DECORATED>
    <FUNCLINE>128</FUNCLINE>
    <PROBABILITY>1</PROBABILITY>
    <RANK>4</RANK>
    <CATEGORY>
      <RULECATEGORY>mspft</RULECATEGORY>
    </CATEGORY>
    <PATH>
      <SFA>
        <FILEPATH>c:\users\austin\desktop\assignment7final\assignment7final\</FILEPATH>
        <FILENAME>bt.cpp</FILENAME>
        <LINE>130</LINE>
        <COLUMN>6</COLUMN>
      </SFA>
      <SFA>
        <FILEPATH>c:\users\austin\desktop\assignment7final\assignment7final\</FILEPATH>
        <FILENAME>bt.cpp</FILENAME>
        <LINE>131</LINE>
        <COLUMN>5</COLUMN>
        <KEYEVENT>
          <ID>1</ID>
          <KIND>declaration</KIND>
          <IMPORTANCE>Essential</IMPORTANCE>
          <MESSAGE>'predecessor' is NULL</MESSAGE>
        </KEYEVENT>
      </SFA>
      <SFA>
        <FILEPATH>c:\users\austin\desktop\assignment7final\assignment7final\</FILEPATH>
        <FILENAME>bt.cpp</FILENAME>
        <LINE>132</LINE>
        <COLUMN>5</COLUMN>
      </SFA>
      <SFA>
        <FILEPATH>c:\users\austin\desktop\assignment7final\assignment7final\</FILEPATH>
        <FILENAME>bt.cpp</FILENAME>
        <LINE>133</LINE>
        <COLUMN>13</COLUMN>
        <KEYEVENT>
          <ID>2</ID>
          <KIND>branch</KIND>
          <IMPORTANCE>Full</IMPORTANCE>
          <MESSAGE>Skip this branch, (assume 'current==0' is false)</MESSAGE>
        </KEYEVENT>
      </SFA>
      <SFA>
        <FILEPATH>c:\users\austin\desktop\assignment7final\assignment7final\</FILEPATH>
        <FILENAME>bt.cpp</FILENAME>
        <LINE>137</LINE>
        <COLUMN>16</COLUMN>
        <KEYEVENT>
          <ID>3</ID>
          <KIND>branch</KIND>
          <IMPORTANCE>Full</IMPORTANCE>
          <MESSAGE>Enter this loop, (assume 'current!=0')</MESSAGE>
        </KEYEVENT>
      </SFA>
      <SFA>
        <FILEPATH>c:\users\austin\desktop\assignment7final\assignment7final\</FILEPATH>
        <FILENAME>bt.cpp</FILENAME>
        <LINE>139</LINE>
        <COLUMN>20</COLUMN>
        <KEYEVENT>
          <ID>4</ID>
          <KIND>branch</KIND>
          <IMPORTANCE>Full</IMPORTANCE>
          <MESSAGE>Enter this branch, (assume 'current-&gt;data==item')</MESSAGE>
        </KEYEVENT>
      </SFA>
      <SFA>
        <FILEPATH>c:\users\austin\desktop\assignment7final\assignment7final\</FILEPATH>
        <FILENAME>bt.cpp</FILENAME>
        <LINE>141</LINE>
        <COLUMN>9</COLUMN>
      </SFA>
      <SFA>
        <FILEPATH>c:\users\austin\desktop\assignment7final\assignment7final\</FILEPATH>
        <FILENAME>bt.cpp</FILENAME>
        <LINE>153</LINE>
        <COLUMN>5</COLUMN>
        <KEYEVENT>
          <ID>5</ID>
          <KIND>branch</KIND>
          <IMPORTANCE>Full</IMPORTANCE>
          <MESSAGE>Skip this branch, (assume '!found' is false)</MESSAGE>
        </KEYEVENT>
      </SFA>
      <SFA>
        <FILEPATH>c:\users\austin\desktop\assignment7final\assignment7final\</FILEPATH>
        <FILENAME>bt.cpp</FILENAME>
        <LINE>159</LINE>
        <COLUMN>61</COLUMN>
        <KEYEVENT>
          <ID>6</ID>
          <KIND>branch</KIND>
          <IMPORTANCE>Full</IMPORTANCE>
          <MESSAGE>Enter this branch, (assume '&lt;branch condition&gt;')</MESSAGE>
        </KEYEVENT>
      </SFA>
      <SFA>
        <FILEPATH>c:\users\austin\desktop\assignment7final\assignment7final\</FILEPATH>
        <FILENAME>bt.cpp</FILENAME>
        <LINE>162</LINE>
        <COLUMN>31</COLUMN>
        <KEYEVENT>
          <ID>7</ID>
          <KIND>branch</KIND>
          <IMPORTANCE>Full</IMPORTANCE>
          <MESSAGE>Skip this branch, (assume '&lt;branch condition&gt;' is false)</MESSAGE>
        </KEYEVENT>
      </SFA>
      <SFA>
        <FILEPATH>c:\users\austin\desktop\assignment7final\assignment7final\</FILEPATH>
        <FILENAME>bt.cpp</FILENAME>
        <LINE>187</LINE>
        <COLUMN>25</COLUMN>
        <KEYEVENT>
          <ID>8</ID>
          <KIND>usage</KIND>
          <IMPORTANCE>Essential</IMPORTANCE>
          <MESSAGE>'predecessor' is dereferenced, but may still be NULL</MESSAGE>
        </KEYEVENT>
      </SFA>
    </PATH>
  </DEFECT></DEFECTS>